{"centers": [32.97625916708878, 132.81984315757248], "distance": 5230570.112743789, "time": 582.5876312255859}